"","arrests_B","arrests_W","arrests_total","ct_pop","ct_white","ct_black","arrests_total_sir","arrests_W_sir","arrests_B_sir","sptRE","sptRE_W","sptRE_B"
"1",965,693,1658,3153,822,2116,15.3763580834575,38.3760678970223,4.02663555991805,0.356227278709412,0.626461207866669,-0.273985713720322
"2",854,754,1614,2749,623,1970,17.1657400622227,54.9939393750557,3.82744438614565,1.1350781917572,1.32353162765503,1.22769844532013
"3",839,772,1617,2877,561,2263,16.4332873691039,62.4792834369542,3.27355659099906,-0.337714970111847,-0.515033423900604,0.176087617874146
"4",752,701,1454,2462,636,1795,17.2645895772702,50.0907096674723,3.6987217094113,0.370875775814056,0.336841464042664,1.03239297866821
"5",629,539,1169,2212,566,1627,15.447244174921,43.2399303500495,3.41302370843193,2.42015981674194,2.21482586860657,2.47882771492004
"6",571,574,1153,2161,845,1278,15.5949009220822,30.9257119296499,3.94382030776937,-1.29859554767609,-1.24105441570282,-1.27550637722015
"7",696,615,1315,2245,882,1259,17.1214075915824,31.7518637526169,4.87967443270773,1.6412341594696,1.32040202617645,2.49380087852478
"8",657,554,1215,2251,906,1225,15.7772878399613,27.8486187315424,4.73399906346418,0.8208087682724,1.12358903884888,1.0195699930191
"9",437,477,920,2267,943,1182,11.8623805807212,23.0416961423538,3.26325839021351,2.08763074874878,1.86734092235565,1.72854363918304
"10",177,147,325,3290,1386,1897,2.88866489672784,4.83874700601777,0.823788433402733,2.21519470214844,2.15345788002014,2.29971647262573
"11",272,118,390,3440,1609,1815,3.31537529885077,3.34736405976006,1.32310069380861,-0.33105480670929,-0.795158565044403,-0.117816582322121
"12",221,88,309,3530,1598,1908,2.5598806641625,2.51347403049176,1.02264482032753,-1.22632086277008,-1.40791070461273,-1.3321076631546
"13",181,135,316,3587,1590,1968,2.57630555048042,3.87524271255326,0.812027107710626,0.496028482913971,-0.0822933092713356,0.692018926143646
"14",212,125,337,3699,1678,1844,2.66439097397265,3.40052290740378,1.01503002509286,2.25404071807861,2.24249935150146,2.49314165115356
"15",163,88,252,3703,1678,1866,1.99021311510917,2.39396812681226,0.771227241459847,0.458592683076859,0.817805707454681,-0.119947284460068
"16",212,148,361,3644,1991,1438,2.89718371488915,3.3947193672033,1.30143420257752,0.404539078474045,0.169871240854263,1.02159655094147
"17",167,131,298,3603,1995,1331,2.41877369882781,2.99877454471497,1.10754715221536,-0.0620766095817089,-0.371814906597137,0.58086770772934
"18",203,120,324,3503,1958,1329,2.7048179862342,2.7987569980747,1.34832452040356,0.418571263551712,0.157825589179993,0.71166604757309
"19",253,103,358,5104,2345,2622,2.05172558517744,2.00658797504419,0.852027243520456,0.388864755630493,0.159375712275505,0.895082533359528
"20",375,156,535,5040,2199,2699,3.10503856273373,3.24046269856904,1.2268690295197,-1.84654009342194,-1.63506424427032,-1.96703004837036
"21",391,196,587,4821,2246,2427,3.56150265627942,3.98632639616129,1.42252817768614,-2.6274836063385,-2.69156885147095,-1.66118693351746
"22",470,140,612,5419,2204,3050,3.30364712679388,2.90152388292097,1.3607683225556,1.07082176208496,1.07769978046417,0.869259297847748
"23",346,115,461,4882,2175,2620,2.76209585119274,2.41510647503025,1.16611221213651,0.378967672586441,0.497483193874359,-1.61239838600159
"24",325,150,477,5161,2398,2669,2.70354860694292,2.85775246435123,1.07523405365791,-2.12156939506531,-1.94105243682861,-2.35644268989563
"25",397,131,536,5703,2812,2786,2.74937813449475,2.12892489041474,1.25829842212348,-1.50778341293335,-1.47479283809662,-0.963867485523224
"26",321,129,454,5635,2589,2962,2.35685194026533,2.27667601596085,0.956979015474621,2.8842887878418,2.58862471580505,3.22728490829468
"27",378,128,513,5902,2715,3137,2.54272110357575,2.15436497965335,1.06406201627029,-0.086814858019352,-0.221115738153458,0.218137368559837
"28",93,140,233,2786,2372,225,2.44520167444391,2.69641546527079,3.63672732575503,3.02719640731812,3.1614305973053,2.0238299369812
"29",76,104,184,2726,2342,235,1.97343040715558,2.02865965587688,2.84595686293765,1.94359576702118,1.92698681354523,1.76016044616699
"30",58,78,137,2819,2565,190,1.42092351741351,1.38945227501022,2.68393486212311,-1.92003095149994,-1.75065016746521,-2.10412621498108
"31",49,96,148,3033,2802,176,1.42681050696176,1.56568699235342,2.44692782264132,1.36802768707275,1.39740216732025,1.26403117179871
"32",43,77,123,3061,2789,208,1.17495871106921,1.26165539987278,1.81834651906921,1.32647955417633,1.20351016521454,2.26201272010803
"33",56,141,197,2934,2647,222,1.96322006071491,2.4340278261732,2.2193327023224,-0.603153228759766,-0.227027982473373,-1.82965064048767
"34",45,98,144,2857,2593,198,1.47368089675653,1.72690447077975,1.99860104172429,0.469326734542847,0.366249531507492,0.758822560310364
"35",42,32,74,3073,2672,214,0.704127981355306,0.547243871313758,1.72646802660992,0.108114577829838,0.227363660931587,-0.614644229412079
"36",46,57,103,3031,2584,256,0.993637573938312,1.00791622373234,1.58173555436802,1.14092981815338,1.10187375545502,1.11847698688507
"37",232,244,476,3431,2103,1079,4.05706344396197,5.29928201253026,1.89768046265926,-0.961428642272949,-0.745058476924896,-1.15152895450592
"38",192,310,502,3970,2159,1518,3.69818841494094,6.5584316325675,1.11657718326228,-1.98325252532959,-1.80963063240051,-1.12407290935516
"39",178,351,535,4146,2350,1403,3.77410422624402,6.82346364494546,1.11995589910892,-2.04657101631165,-1.88197731971741,-1.08882284164429
"40",162,378,546,4065,2409,1477,3.92839720456334,7.16871484668647,0.968248427239582,0.271756738424301,-0.672416567802429,1.34453094005585
"41",146,313,460,4380,2720,1426,3.07177565699586,5.25842788422264,0.903808305546245,-1.21851575374603,-1.06695187091827,-0.474442809820175
"42",108,226,334,4622,2999,1398,2.11367146166083,3.44413641471325,0.68195261199046,-1.26219666004181,-1.08726751804352,-0.429572433233261
"43",124,253,385,4440,3013,1187,2.53622308785848,3.83771602835936,0.922061386220845,-0.660427331924438,-0.474325746297836,-0.789902627468109
"44",124,181,307,4274,2844,1226,2.10088576446497,2.90844787284545,0.892751024068149,-0.283492296934128,-0.109092473983765,-0.024206567555666
"45",102,254,362,4396,3200,1169,2.40856136428503,3.62805350820979,0.770139780804007,1.06755435466766,1.47307157516479,0.375270366668701
"46",191,236,428,7375,5021,1912,1.69787341363414,2.14949661359121,0.881976105571956,0.60581248998642,0.400861769914627,1.01190996170044
"47",181,308,493,7441,5563,1375,1.93838797270738,2.5321835365686,1.16200742380234,0.559113323688507,0.380905508995056,1.03856253623962
"48",202,309,515,7991,5973,1178,1.88557122942421,2.36615940066325,1.5135350430248,0.0304074939340353,-0.0541940033435822,0.758799135684967
"49",159,224,387,8272,6302,1181,1.36880847481936,1.62579212275409,1.18832286868455,1.79716396331787,1.89693593978882,1.48891282081604
"50",125,225,355,8408,6408,1207,1.23532258293683,1.60605578006233,0.914106849198058,-1.08621120452881,-0.992053866386414,-1.09372889995575
"51",155,234,393,8205,5857,1554,1.40137690779248,1.82730936757392,0.88053338464692,2.10802555084229,1.8541693687439,2.73520803451538
"52",140,257,400,8472,6161,1422,1.38140147906688,1.90796364920411,0.869101862698975,0.101360403001308,0.219495624303818,0.483954012393951
"53",190,250,443,8753,6188,1832,1.48080368056709,1.84790351739216,0.91565256110891,1.8281090259552,1.85318112373352,1.26081240177155
"54",183,253,441,8648,6455,1806,1.49201034157257,1.79278058952559,0.894608280107784,2.64979457855225,2.74580264091492,2.04695200920105
"55",175,202,377,4061,3733,94,2.71513453331591,2.47384169649734,16.2914658706571,-0.302618652582169,-0.927237749099731,0.0284277461469173
"56",140,215,355,3983,3576,117,2.60672318248799,2.74850242880158,10.4902938248906,-1.36497831344604,-1.47743964195251,-1.62598240375519
"57",132,148,283,3829,3424,127,2.16154913033443,1.97587055399115,9.11742082423974,1.44205331802368,0.994739949703217,1.84945094585419
"58",85,191,277,3997,3548,158,2.0268593160194,2.46093730632689,4.72555239893542,2.4168426990509,2.48405694961548,2.61106634140015
"59",112,180,294,3979,3776,92,2.16097597380143,2.17934056196733,10.6510464878391,0.86521327495575,1.20059955120087,0.399135053157806
"60",98,172,270,3951,3746,176,1.99862363682719,2.09913826489077,4.89385564528264,0.276526123285294,0.381670087575912,0.230005249381065
"61",109,166,275,4196,3890,189,1.91685945033939,1.95100543474766,5.07050995281213,-0.529464423656464,-0.579025864601135,-0.375072509050369
"62",116,188,307,4134,3785,237,2.17198298708597,2.27079431499282,4.30730822598055,0.769643306732178,0.751908898353577,0.659803092479706
"63",110,146,256,4147,3580,229,1.80549133757101,1.86434217711731,4.22665867467139,0.39386174082756,0.421276867389679,0.323130816221237
"64",57,108,165,4314,2354,1312,1.11867810946407,2.09596660807444,0.383495841206193,-1.57418191432953,-1.32148683071136,-2.15856385231018
"65",56,59,115,4333,2374,1530,0.776268170048352,1.13539103330998,0.323115557376465,-1.80817103385925,-1.38502192497253,-2.29214143753052
"66",69,76,147,4100,2401,1373,1.04862316157504,1.44612220164062,0.443620057040424,1.48633682727814,1.45810568332672,1.15380835533142
"67",68,69,137,4314,2388,1631,0.928841824221686,1.32006048534444,0.368071119574401,0.202800706028938,0.234385937452316,0.573422908782959
"68",66,79,145,4263,2206,1806,0.994833688084005,1.63580715472534,0.322645609219201,-1.95401859283447,-1.89138638973236,-1.84027206897736
"69",84,89,173,4435,2314,1761,1.14093748453703,1.75702987246501,0.421127958142755,0.116757072508335,0.063947819173336,-0.96884024143219
"70",84,88,174,4409,2350,1667,1.15429504193122,1.71072592807749,0.444862249316996,2.61703205108643,2.45973324775696,2.3828113079071
"71",95,131,226,4511,2485,1674,1.46537847318123,2.40855406087915,0.501015290799329,-0.525151014328003,-0.622019469738007,-0.349169045686722
"72",102,148,251,4593,2377,1910,1.59844058816915,2.84451187742356,0.471495915252978,2.58799457550049,2.43141222000122,2.57383584976196
"73",76,103,181,2885,1388,665,1.83437563422917,3.38554530300792,1.00815519823695,1.11167454719543,1.22377169132233,0.469554573297501
"74",58,126,185,2760,1355,649,1.95973896861497,4.24206536973912,0.788323623224099,-0.695064902305603,-0.580341398715973,-1.49374961853027
"75",81,133,216,2259,1387,540,2.79493095256422,4.37476794939813,1.32279751311331,0.818032503128052,1.09827435016632,0.524584949016571
"76",60,114,174,2420,1698,275,2.10186507181922,3.06484651196527,1.92104596283199,1.62060546875,1.6355996131897,1.88258838653564
"77",56,112,168,2153,1431,330,2.28071568219904,3.57110119314584,1.49494459811512,-0.688946723937988,-0.466505765914917,-0.810937523841858
"78",29,99,132,2497,1769,304,1.54540572812941,2.55502874469684,0.840187624276957,0.359636068344116,0.42514032125473,0.209463939070702
"79",56,126,188,2699,1781,414,2.03647999984525,3.2300006256489,1.19226829380384,0.257658690214157,0.396552473306656,-0.842494249343872
"80",52,132,185,2644,1775,425,2.04562336810725,3.39521899016041,1.07851118870476,0.816753387451172,1.00925993919373,-0.634471774101257
"81",61,165,233,2907,1817,558,2.34352578326183,4.14616953431436,0.964096766020631,-0.0529254078865051,0.221178218722343,-0.714453041553497
"82",24,69,94,2163,1990,65,1.27022295481424,1.58346670652082,3.21771649938128,-2.12605953216553,-1.98280847072601,-1.2266321182251
"83",15,104,119,2252,2001,99,1.54457994478829,2.37358425079018,1.32650922178836,0.812035620212555,1.0003137588501,-1.05102014541626
"84",13,65,79,2197,2040,71,1.05102909668969,1.45519280857693,1.59744983943683,-0.404278188943863,-0.403716444969177,-0.11541211605072
"85",6,53,59,2352,2137,118,0.733281077490256,1.13279893696947,0.445802295688874,-0.55849415063858,-0.328600734472275,-0.749812841415405
"86",15,40,55,2463,2215,156,0.652797357335892,0.824898349973566,0.844552110891871,-0.970241487026215,-0.845308423042297,-0.297400921583176
"87",11,54,66,2362,1947,298,0.816812003428245,1.26653944406219,0.325089508663847,-0.0155729446560144,0.127041578292847,-0.639339447021484
"88",24,70,95,2256,1896,300,1.2308845650361,1.68586665129823,0.704571507795422,4.20998764038086,-0.109092473983765,7.10285139083862
"89",27,107,136,2470,1969,336,1.60962061627787,2.48164899155396,0.707939592234655,0.902268767356873,1.440633893013,0.10696505010128
"90",18,58,76,2415,2037,223,0.919954444679881,1.30038779061466,0.71017065094293,0.232318431138992,-0.00617779325693846,0.551800072193146
"91",254,64,321,2473,1072,1347,3.79457473173791,2.72110606828862,1.66453660884247,0.50327205657959,0.41313037276268,0.912707030773163
"92",263,58,326,2450,1167,1177,3.88981449696293,2.26604098666146,1.97226564983289,-0.569269418716431,-0.667355537414551,0.190969243645668
"93",219,65,284,2322,1221,969,3.57523781227686,2.42763485401503,1.99451156811527,1.83800995349884,1.97416841983795,1.40001690387726
"94",264,51,316,2197,1213,860,4.20411638675876,1.91727473447896,2.70876649807961,-1.34104335308075,-1.30306088924408,-1.21028304100037
"95",200,79,279,2574,1193,1285,3.16882313396191,3.01949456107768,1.37385331683411,2.50101041793823,2.0386118888855,3.27483510971069
"96",213,69,283,2460,1182,1158,3.36303052899665,2.66172859776077,1.62349825297341,0.121958844363689,0.238757193088531,0.436350911855698
"97",194,92,286,2414,1127,1226,3.4633662014457,3.72146823262458,1.39672337636468,1.87879955768585,1.94578874111176,1.79650127887726
"98",224,119,343,2344,1064,1195,4.27750429542295,5.09743542042819,1.65451665752616,2.41305875778198,2.40484118461609,2.05977034568787
"99",255,96,351,2284,1192,977,4.49211360538517,3.6723256757536,2.30337727183454,0.22825588285923,-0.261085033416748,0.615128755569458
"100",397,75,472,2993,163,2688,4.61112271317971,20.4859806792554,1.30415881518073,-0.813435554504395,-1.20856726169586,-0.98858380317688
"101",370,85,458,3152,166,2726,4.24885656488936,22.8091118408377,1.19852500769766,1.24473857879639,0.684504687786102,1.77121067047119
"102",387,71,458,2901,286,2400,4.61610514387173,11.1842628291585,1.42380935609487,2.7052800655365,2.68013739585876,2.78066563606262
"103",398,74,475,2600,170,2359,5.34106094488556,19.4023633303059,1.48971939948331,-0.17993625998497,0.0440797619521618,-0.644772589206696
"104",420,91,511,2519,147,2289,5.93040430137561,27.480074501127,1.62012255678135,0.162272587418556,0.103805653750896,0.531885087490082
"105",305,113,419,2451,157,2218,4.99744816285318,32.0117030533375,1.21416387139289,-0.845071315765381,-1.59404015541077,0.0175752006471157
"106",360,115,477,2419,402,1933,5.7643885223948,12.9468888226828,1.64431177021595,1.93055617809296,1.87917840480804,1.8024594783783
"107",445,175,623,2512,246,1990,7.2503433981706,31.9673782410715,1.97435905205978,1.30224585533142,1.32788908481598,1.03510189056396
"108",434,111,546,2724,344,2036,5.86023513083279,14.575873160561,1.88206886376522,0.23550733923912,0.462978899478912,-1.59437799453735
"109",169,59,229,2538,1306,1212,2.63778386419951,2.0606303232576,1.23077768944637,-2.84271049499512,-2.90037870407104,-1.79089963436127
"110",219,91,310,2409,1256,1111,3.76178048660498,3.3043240101291,1.73979001527249,1.4977126121521,1.35988795757294,1.57426488399506
"111",248,86,335,2131,1155,934,4.59474239375152,3.39476301383434,2.34318298420613,-0.344592571258545,-0.20668064057827,-0.581373870372772
"112",208,61,269,2180,1212,945,3.60669141032392,2.29509592628225,1.94239567859296,-1.21889185905457,-1.01480448246002,-2.02546048164368
"113",140,72,212,2160,1153,980,2.86873160012402,2.84703764927531,1.26073155031472,-1.67367959022522,-1.67349874973297,-1.17111957073212
"114",196,84,282,1983,1233,708,4.15605943422558,3.1068312666971,2.44226761694946,1.40935480594635,1.40423965454102,1.23266565799713
"115",211,113,326,2472,1177,1248,3.85523734572258,4.37750872419977,1.49235630219868,0.472959905862808,0.356457114219666,0.242903560400009
"116",189,86,277,2527,1327,1173,3.20455472287541,2.95626107168631,1.42216113715264,2.05933666229248,2.19752645492554,1.84124159812927
"117",197,84,284,2540,1261,1254,3.2687398677749,3.03809482958323,1.38667540715825,-0.121476754546165,0.0262623485177755,-0.596107065677643
"118",131,309,449,1493,1173,213,8.78479992421747,12.0110166738208,5.41011296884378,-1.13910138607025,-1.04467570781708,-1.69187390804291
"119",166,394,562,1357,1049,236,12.0953004022929,17.1175077034159,6.18992745594615,0.245740756392479,0.652713119983673,-0.808307826519012
"120",160,439,607,1487,1144,217,11.9239359774121,17.4950427068765,6.4864631152596,0.886114001274109,0.950167119503021,0.477011322975159
"121",140,307,450,1633,1170,269,8.05090169340552,11.9637543671904,4.58209344001048,-1.46509730815887,-1.44575154781342,-0.797261297702789
"122",136,268,409,1533,1125,218,7.7937894005909,10.8599931988894,5.48830445602016,-0.570509612560272,-0.710183799266815,-0.328067719936371
"123",172,301,474,1671,1251,267,8.28777126123729,10.9732116588047,5.6714580484821,1.12661564350128,1.31169426441193,-1.00070691108704
"124",138,288,430,1758,1383,209,7.14698762011956,9.50049027676911,5.80781957785845,2.20210385322571,2.15747499465942,2.34943890571594
"125",162,336,504,1804,1304,259,8.16367777712089,11.7530507459714,5.506156596932,-0.162946417927742,0.0139931114390492,-0.297733455896378
"126",119,210,329,1816,1337,245,5.29390999853176,7.16496890265843,4.27493823640515,-0.234988614916801,-0.000688291562255472,-0.948237955570221
"127",369,324,693,1362,286,1045,14.8600321668119,51.038044459822,3.11641340717293,-1.38997709751129,-1.21244812011719,-1.57122552394867
"128",388,317,707,1407,272,1125,14.6763724417148,52.4630370786799,3.04403943861459,-0.496377915143967,-0.476021081209183,-0.13594451546669
"129",223,170,394,1502,408,1085,7.66261000190944,18.860547599955,1.81398476601682,-1.63850784301758,-1.44080424308777,-0.734632790088654
"130",206,119,327,1633,514,1111,5.85032189720801,10.503744961322,1.63651480888645,0.539736986160278,0.714395701885223,-0.253699988126755
"131",173,127,300,1687,396,1241,5.19576187139146,14.5120274613432,1.23048760417853,-0.850579857826233,-1.42621493339539,0.41900697350502
"132",135,149,287,1717,353,1297,4.88391177720349,19.0733523315114,0.918776865286702,1.91015028953552,2.60457372665405,-0.024206567555666
"133",165,74,241,1681,382,1217,4.18880082958364,8.76205704394163,1.19671351504394,1.13191080093384,1.53461337089539,0.282879710197449
"134",154,127,282,1664,372,1184,4.95140506327079,15.4369070172158,1.14804012988609,0.187890529632568,0.409310132265091,0.386526226997375
"135",250,135,388,1652,386,1157,6.86196997865937,15.8211291139332,1.90716006917964,0.158227115869522,-0.316947489976883,0.502704679965973
"136",42,49,91,8118,5660,1826,0.327968155616519,0.395949038051426,0.203072171256793,-0.625637829303741,-0.584656953811646,-0.100372396409512
"137",24,77,101,8534,6449,1731,0.346270662085982,0.546136155468213,0.122406518228688,0.97541218996048,1.27750325202942,0.379348188638687
"138",36,60,96,8894,6632,1989,0.315810886548081,0.41382603805043,0.159803696667147,-1.12690556049347,-1.18458592891693,-1.00177323818207
"139",20,55,75,8893,6673,1875,0.24675498997234,0.377011402441502,0.094175103537493,2.65191221237183,2.45946073532104,2.99182057380676
"140",28,52,81,8631,6454,1808,0.274582299497885,0.368533695199075,0.1367286134853,-0.813596308231354,-0.617866635322571,-0.546704173088074
"141",23,31,54,8547,6443,1614,0.184853315499642,0.220077607530667,0.125805208011208,1.64468240737915,1.63650286197662,1.60236132144928
"142",23,46,69,8450,6281,1748,0.238911944894047,0.33498347223564,0.116165972619698,1.04346942901611,1.17942929267883,0.164921671152115
"143",26,46,72,8313,6312,1669,0.253406481990652,0.333339466768308,0.137530541858016,0.863718211650848,-0.0452657230198383,1.35519051551819
"144",32,49,81,8000,6031,1668,0.296232057755005,0.371610505799931,0.169369785330223,-1.63775753974915,-1.89718961715698,-1.93348443508148
"145",31,38,69,6377,4964,965,0.316540493905271,0.350075941442613,0.283497323297789,0.999032020568848,0.29456827044487,1.53040409088135
"146",11,29,40,6827,5181,1054,0.171411447779282,0.255983283257609,0.0921086028167031,1.7772433757782,1.77696824073792,1.93712544441223
"147",16,9,27,6893,5237,1326,0.114595351810573,0.0785943332949092,0.106512157449625,0.207603618502617,0.208305940032005,0.110441334545612
"148",18,72,90,6662,5086,1273,0.395223724302598,0.647405194336946,0.124811553224876,-0.955725729465485,-0.849105060100555,-1.02548921108246
"149",9,8,17,7203,5511,1422,0.0690486125259855,0.0663910796568463,0.0558708340306484,0.374998599290848,0.420500695705414,0.0836429297924042
"150",6,11,17,7664,5772,1560,0.0648968303157868,0.0871631296945288,0.0339541406827979,3.09686732292175,2.93495845794678,3.16422057151794
"151",1,5,6,7499,5601,1517,0.0234085390164288,0.0408282136137975,0.00581933748907586,0.381508827209473,0.237796917557716,0.661181330680847
"152",5,11,16,7708,5723,1627,0.0607308393273187,0.087908819035897,0.0271305541210805,-0.681156277656555,-0.444753974676132,-1.2024017572403
"153",9,4,13,7781,5952,1493,0.048881045934322,0.0307378812953032,0.0532154531209092,-2.91816711425781,-2.65100646018982,-2.05584907531738
"154",86,98,184,5228,4046,893,1.02952064709844,1.10743914486899,0.849825098936879,1.15645003318787,1.02199339866638,1.30156099796295
"155",91,147,241,4916,3292,1312,1.43397824693077,2.04110238416874,0.612247746487079,-0.116285815834999,0.126215040683746,-1.69631278514862
"156",79,155,236,4981,3407,1209,1.38591382899665,2.07963539882236,0.576760534893191,-2.16506767272949,-2.5454249382019,-1.03101348876953
"157",94,164,260,5130,3493,1158,1.48253227759936,2.14628428437456,0.716473407415497,-0.592585980892181,-0.624609172344208,-0.911231577396393
"158",63,111,174,5060,3743,822,1.00587376326276,1.35576088014264,0.676260819425446,1.10359084606171,1.01241219043732,1.16920709609985
"159",90,162,255,5044,3962,797,1.47879868281225,1.86943259950865,0.996357191208462,-0.219238340854645,-0.368885397911072,0.00593182910233736
"160",88,115,207,5382,4139,881,1.12508781692281,1.27037843996987,0.88142117454071,2.36967062950134,2.63093495368958,0.611334145069122
"161",121,133,257,5115,3904,926,1.46972111568259,1.55755594523929,1.15311398406004,1.12562930583954,1.27560889720917,-0.0397408008575439
"162",65,103,169,5603,4176,1346,0.882338363794628,1.1277470145239,0.42628035190672,-0.361118882894516,-0.414138913154602,-0.151396945118904
"163",11,15,26,4020,3335,470,0.189159038432849,0.20559401967498,0.20634375022053,0.971121370792389,1.14616417884827,1.4137669801712
"164",8,24,33,4047,3341,549,0.238485866456123,0.328360487681471,0.128508359714279,1.32791662216187,0.94770359992981,2.24773478507996
"165",7,28,35,4201,3559,463,0.243673768082081,0.359652072026027,0.133291122240825,-1.65004253387451,-1.34077847003937,-1.9476592540741
"166",8,14,22,4285,3582,600,0.150165856723556,0.178672847759698,0.117601206422837,-0.380157917737961,-0.386243164539337,-0.319286495447159
"167",4,18,23,4498,3843,509,0.149562172974839,0.214139049476155,0.0692948767310353,1.19914376735687,1.2601124048233,0.831662118434906
"168",13,33,46,4786,4016,629,0.281135386233333,0.375695716024145,0.182303573836797,1.62404191493988,1.70089137554169,1.22243428230286
"169",2,13,15,4809,4084,595,0.0912363972089671,0.145539828430838,0.0296469967323767,-0.685683369636536,-1.58387076854706,0.803046643733978
"170",7,12,19,5044,4180,671,0.110184999895815,0.131262409077293,0.0920271808455852,-1.463747382164,-1.22642135620117,-1.12798619270325
"171",9,11,20,5114,4278,628,0.114397536419504,0.117570453651776,0.126410855827416,-1.71370232105255,-1.44380390644073,-1.84516656398773
"172",0,3,3,10451,8353,882,0.00839919533024269,0.0164305300022836,0,-0.618224918842316,-0.575131177902222,-0.173541486263275
"173",0,6,6,10451,8518,924,0.0167983906604854,0.0322248586888286,0,-1.31785202026367,-1.14486455917358,-0.500472187995911
"174",1,43,44,10824,9515,891,0.118944223992189,0.206757613698721,0.00990384634514646,-0.808846235275269,-0.707999587059021,-0.214195162057877
"175",0,4,4,10985,9677,986,0.0106546727473114,0.0189114397858666,0,0.315013557672501,0.458185791969299,-0.691475570201874
"176",0,3,3,10857,9319,1073,0.00808519014762233,0.0147281907126099,0,1.0781090259552,1.53160881996155,-0.024206567555666
"177",0,6,6,10860,9222,1194,0.0161659145429025,0.0297660595323832,0,1.97198474407196,2.21512866020203,1.22547364234924
"178",0,1,1,11571,9543,1385,0.00252880388520606,0.00479421533820428,0,0.595470070838928,0.519494950771332,0.810359954833984
"179",2,5,7,11629,9349,1629,0.0176133619938359,0.0244682542651051,0.0108389050857086,-0.083138570189476,-0.460816025733948,0.344649851322174
"180",0,2,2,12732,10186,1434,0.0045965228576479,0.00898342462671561,0,-0.573691368103027,-0.529016613960266,0.0741197839379311
"181",1,0,1,5308,3934,1195,0.00551093850548643,0,0.00738623507824178,0.500438392162323,0.773337125778198,-0.000771708146203309
"182",0,5,5,5272,4142,973,0.0277427461185064,0.0551938841775923,0,-1.27973175048828,-1.28318965435028,-1.4289653301239
"183",1,0,1,5457,4263,1015,0.00536054640967237,0,0.00869497034757556,2.78172159194946,2.45670676231384,3.36267757415771
"184",0,0,0,5674,4607,871,0,0,0,-0.601751506328583,-0.325141131877899,-0.591479301452637
"185",0,0,0,5766,4958,633,0,0,0,1.07640075683594,1.17567372322083,0.8800128698349
"186",0,0,0,6467,5381,813,0,0,0,2.48566770553589,2.39433598518372,2.68592023849487
"187",1,0,1,5993,4789,967,0.00488134561849084,0,0.00912617788410337,-0.311629265546799,-0.440183818340302,-0.0504032522439957
"188",0,0,0,6101,5002,765,0,0,0,-1.97043585777283,-2.039222240448,-2.25613260269165
"189",0,0,0,6144,4906,1003,0,0,0,0.655865430831909,0.406020849943161,1.05134153366089
"190",16,91,107,4056,3749,139,0.771557751110851,1.10970296791011,1.01033644592964,1.33866536617279,1.32806396484375,1.62522327899933
"191",14,91,105,4345,3998,141,0.706810439576493,1.04066843907489,0.871582820104984,-0.243463352322578,-0.0157268643379211,-0.448182016611099
"192",18,73,91,4710,4469,118,0.565127678189372,0.746927816892026,1.33740688706662,-1.25149369239807,-1.28360736370087,-1.13632690906525
"193",15,57,72,4775,4520,125,0.441051074975397,0.576643715018898,1.0525313573281,-1.63921725749969,-2.02443194389343,-0.94682502746582
"194",15,69,84,4840,4589,89,0.507653356087901,0.687557116066921,1.47409048669017,2.48726034164429,2.28418636322021,2.70748591423035
"195",9,70,79,4995,4823,0,0.462629242315472,0.663711775833888,90,0.655654728412628,0.678225040435791,0.232737183570862
"196",25,77,102,5065,4956,0,0.589068390191188,0.710508410646354,250,-1.67655503749847,-1.3917373418808,-1.72595226764679
"197",29,78,108,4850,4650,92,0.651352216385385,0.767052474155482,2.75786025131547,-3.12336397171021,-2.83630847930908,-2.16583967208862
"198",16,69,85,4811,4618,38,0.516791454793342,0.683243687645754,3.63470118077341,0.585781395435333,0.478173553943634,0.5214963555336
"199",0,32,33,3582,3408,111,0.26941981113553,0.42921827007224,0,-1.02925729751587,-0.921887993812561,-0.891175746917725
"200",7,32,39,3729,3620,27,0.305863300249562,0.404113474293757,2.21751047993048,-2.1228928565979,-2.19010043144226,-1.44618892669678
"201",2,21,23,3743,3686,29,0.179706766302162,0.260456804402627,0.591171190039978,-0.805714964866638,-0.825907707214355,-1.02909803390503
"202",0,28,28,3972,3886,18,0.206169670108936,0.329423594847469,0,-0.831958472728729,-0.760847091674805,-0.825719892978668
"203",2,14,16,3984,3875,27,0.117456647428652,0.165178814736432,0.633574422837281,-0.125280350446701,-0.0916792154312134,-0.209091171622276
"204",5,15,20,4041,3903,15,0.144751339064509,0.175709159111323,2.78061582023038,2.17296719551086,2.26621150970459,1.93882405757904
"205",0,10,10,4132,3954,17,0.0707828515174361,0.115630283229541,0,0.322059482336044,0.417017579078674,-0.118129774928093
"206",1,18,19,4252,4078,18,0.130694523003365,0.201812846503255,0.467771613871011,-0.558449923992157,-0.535152912139893,-0.4764224588871
"207",4,14,18,4298,4157,25,0.122491607527414,0.153985840957673,1.36506128167383,0.115776941180229,0.482897162437439,-1.0166130065918
"208",0,5,5,8227,7770,40,0.0177815621879493,0.0294377042973573,0,1.28014731407166,1.17886662483215,1.67673850059509
"209",1,6,7,8153,7833,5,0.0251200559169735,0.0350412938341593,1.50137914772509,-1.6128431558609,-1.31304156780243,-1.8877489566803
"210",0,9,9,8220,7899,96,0.0320340586460196,0.0521230144332327,0,-0.149871304631233,-0.377021461725235,0.40751713514328
"211",2,1,3,8271,7990,28,0.0106122008619857,0.00572552366479257,0.611638762514423,1.45045304298401,1.5962849855423,0.431351900100708
"212",1,2,3,8036,7681,118,0.010922424758618,0.0119114387198744,0.0743003826148123,1.32611358165741,1.47164726257324,1.13853430747986
"213",1,0,1,7915,7543,115,0.00369644627639347,0,0.0762238792133119,0.150087520480156,0.307125389575958,-0.373976588249207
"214",0,1,1,8158,7678,230,0.00358638078198661,0.00595804503234493,0,-2.2417631149292,-2.02709865570068,-1.3100414276123
"215",0,2,2,8728,8330,193,0.00670448664011112,0.0109839143310773,0,-3.35348725318909,-3.06692957878113,-2.41209936141968
"216",0,5,5,9112,8592,258,0.0160550883666411,0.0266228871849038,0,0.560055553913116,0.578248977661133,-0.142986580729485
"217",0,1,1,2587,2587,0,0.0113007791924049,0.0176622712940635,0,-1.32104051113129,-1.18456149101257,-0.552335917949677
"218",0,7,7,2519,2508,8,0.0812384150873372,0.127523236562676,0,-0.907640933990479,-0.825975179672241,-0.28833544254303
"219",0,1,1,2504,2482,16,0.0116749283960511,0.0184080910501256,0,-0.923861682415009,-1.1598414182663,-0.0629785805940628
"220",0,3,3,2511,2490,2,0.0349272590810076,0.0550471713292807,0,1.0781090259552,1.53160881996155,-0.024206567555666
"221",0,3,3,2525,2498,1,0.034733827204959,0.0548712017925385,0,2.53345584869385,2.67983770370483,2.06393790245056
"222",0,3,3,2540,2507,0,0.0345289422652278,0.0546745760253966,0,0.201603874564171,0.0784736350178719,0.465357661247253
"223",0,0,0,2546,2508,0,0,0,0,-0.131960600614548,-0.290682911872864,0.195826202630997
"224",0,0,0,2545,2490,0,0,0,0,1.0249582529068,1.13178408145905,1.48804664611816
"225",0,1,1,2536,2483,4,0.0115277805122045,0.0184006910425177,0,0.212740689516068,0.461413502693176,-0.176676020026207
"226",59,155,216,5154,4924,204,1.22591021763963,1.43953041539246,2.54365006693107,-0.501758277416229,-0.552675008773804,-0.509784877300262
"227",37,171,209,5486,5046,377,1.11443496024018,1.54976485401732,0.86488018181025,2.61755847930908,2.41411948204041,3.16403365135193
"228",36,163,200,5923,5383,504,0.987801300983666,1.38485661478211,0.629830108739889,-0.547789394855499,-0.353450357913971,-0.384965687990189
"229",42,132,176,6092,5501,526,0.845162179589379,1.0974425290433,0.70412016208165,0.0680513754487038,0.290560334920883,-0.573207557201385
"230",36,125,162,6136,5595,482,0.772357628472693,1.0217990357613,0.658524955251231,1.93504369258881,2.08509397506714,1.53957450389862
"231",68,155,231,6328,5752,477,1.06792454548167,1.23247488240882,1.25689495020784,-0.0750703439116478,-0.390227645635605,0.306561678647995
"232",29,101,133,6159,5634,422,0.631729251504982,0.819903150075826,0.60574436794398,-1.72442185878754,-1.41276216506958,-2.07830357551575
"233",22,109,131,6001,5677,236,0.638604225295783,0.878149175618745,0.820351831510936,1.11566686630249,0.620299935340881,1.69159996509552
"234",21,81,102,5931,5468,342,0.503099479306975,0.677491473750012,0.540984573689282,0.635214626789093,0.63120573759079,0.919431090354919
"235",93,187,281,6849,5922,284,1.20029911560072,1.44426994298503,2.88355258173529,-1.38951182365417,-0.745197355747223,-1.68343532085419
"236",86,196,283,7210,6197,279,1.14834079023349,1.44665385910029,2.71414711000692,-1.49543225765228,-1.69254684448242,-1.184654712677
"237",42,159,202,7641,7048,289,0.773447305759776,1.03195316982108,1.27978793625934,-2.3258798122406,-2.35357904434204,-1.98306250572205
"238",66,142,211,8041,7293,432,0.767733031702809,0.890677251874487,1.3467439270853,2.91673016548157,2.70502758026123,3.14645028114319
"239",50,166,217,8637,7629,618,0.735098526092454,0.995384102794987,0.713630108304232,1.84578120708466,1.78448295593262,1.92594993114471
"240",51,144,196,8864,7601,980,0.64696208438967,0.866644584422332,0.459266493328933,-0.75435882806778,-0.478063344955444,-1.48929035663605
"241",43,157,202,9092,7857,1025,0.650051915892619,0.914114680091911,0.370239219550215,-2.04024147987366,-1.84217989444733,-1.1903840303421
"242",38,167,205,8753,7547,962,0.685247752858359,1.01225404038969,0.348595573655567,1.581711769104,1.54693722724915,1.21862602233887
"243",38,136,174,9015,7722,957,0.564726832986771,0.805679799061324,0.350415187646737,-0.061302162706852,-0.131003066897392,0.660156428813934
"244",4,58,63,1836,1788,17,1.00270223947733,1.48101964247692,1.97571399449046,-2.79937815666199,-3.04996109008789,-1.56244337558746
"245",10,41,55,1712,1635,14,0.938670089569138,1.14462354991353,5.93488726987382,-0.752997279167175,-0.751845598220825,-0.980693876743317
"246",6,34,40,1645,1488,116,0.710424535066476,1.0426842212537,0.453430455862199,-0.74813836812973,-0.783726513385773,-0.394912213087082
"247",1,30,31,1636,1492,96,0.553602463359101,0.917556503813295,0.0911723129742141,-0.224711567163467,-0.222069665789604,-0.289066404104233
"248",4,25,30,1732,1597,90,0.506099579270898,0.714500967226784,0.388765570981239,1.26453447341919,1.36990296840668,0.86307156085968
"249",3,22,27,1898,1728,109,0.415713615038398,0.581220305159851,0.241157881972775,0.403798133134842,0.380546063184738,0.574212610721588
"250",1,26,27,2253,2102,113,0.350295565087289,0.564945646028957,0.0775625104995089,-0.312941670417786,-0.118848122656345,-1.21402978897095
"251",2,63,65,2442,2268,108,0.778114259740387,1.26891521048498,0.162248473827885,0.0267247371375561,0.136679843068123,0.0344879142940044
"252",6,24,30,2834,2691,77,0.309505951053391,0.407539933164914,0.680485370977076,1.03291618824005,1.0977531671524,0.593873500823975
"253",19,121,141,6252,5571,294,0.659770300351823,0.993359041009912,0.569135061879917,-1.40409159660339,-1.30488586425781,-1.08035230636597
"254",12,139,152,6238,5731,192,0.712837239924102,1.10929839041716,0.549539014998634,0.61253023147583,0.636969268321991,0.50263911485672
"255",7,72,79,6419,5744,262,0.360045693855096,0.573301186581083,0.235205221781,0.543570935726166,0.657313942909241,0.0313592776656151
"256",6,117,123,6304,5522,373,0.570798997585375,0.969036939687805,0.141751317447482,0.900704026222229,0.92218941450119,1.0512170791626
"257",10,85,95,6456,5833,406,0.430486090500762,0.666495161743302,0.217091118563594,-0.504783689975739,-0.352361500263214,-0.461111396551132
"258",22,89,111,6819,6176,368,0.476224576875352,0.659130918606221,0.526799806925139,-1.80920255184174,-1.64310932159424,-0.960351407527924
"259",15,71,86,6776,5918,471,0.371307214606334,0.548729527935208,0.280781554295817,-0.764947175979614,-0.661527812480927,-0.833016812801361
"260",15,67,84,7105,6291,496,0.345885391841618,0.487135704052432,0.266654416694072,0.709704637527466,0.23034031689167,1.32470107078552
"261",18,41,60,7406,6557,261,0.237023729523927,0.286013364750234,0.607122904253674,-0.569066166877747,-0.41088005900383,-0.539823651313782
"262",0,4,4,3860,3636,39,0.0303067518260629,0.0502921791268666,0,0.515255093574524,-0.82342940568924,1.99435937404633
"263",1,16,17,4016,3756,42,0.123804008188803,0.194749423945657,0.205979336613976,-0.504166007041931,-0.300429582595825,-0.87360143661499
"264",1,12,13,3858,3668,18,0.0985479658694977,0.14956191585376,0.467771613871011,-0.283492296934128,-0.109092473983765,-0.024206567555666
"265",4,13,17,3750,3437,58,0.132578990426806,0.172900616929565,0.600039339297054,1.75383055210114,1.92975652217865,1.45641696453094
"266",2,9,11,3705,3460,39,0.0868275232727085,0.118905781878907,0.442945973339762,1.5349383354187,1.45352554321289,2.04415011405945
"267",0,7,7,3790,3566,32,0.0540156316010441,0.0897367464765362,0,-0.647095799446106,-1.02053153514862,-0.156254261732101
"268",0,7,7,3633,3363,81,0.0563480366749829,0.0951461425602247,0,0.441431283950806,0.523931324481964,1.00268232822418
"269",1,8,9,3587,3414,83,0.0733757909946955,0.107116235546616,0.10530194261873,0.239836111664772,0.399628728628159,-0.234476432204247
"270",0,7,7,3740,3561,45,0.0547372010333564,0.08986258408791,0,0.214711606502533,0.199946328997612,0.257499396800995
"271",10,45,56,3789,3478,258,0.432239012036319,0.591456035656572,0.341199103179361,2.3644437789917,2.1063277721405,3.02354073524475
"272",10,63,73,3601,3211,336,0.592847207523772,0.896793216024449,0.262199848975798,-0.385347574949265,-0.261757522821426,-0.242627143859863
"273",3,52,55,3578,3205,324,0.449534601575282,0.741594026358315,0.0815653654493215,0.23344324529171,0.377258121967316,-0.129542157053947
"274",19,57,76,3720,3396,280,0.597482204789328,0.767242979732661,0.597502325625737,2.3477201461792,2.38832092285156,2.31149744987488
"275",3,49,52,3949,3412,429,0.385114909066024,0.65647100366027,0.0616428347943959,-0.51666647195816,-0.501309216022491,-0.323374062776566
"276",10,37,48,4002,3499,272,0.350786228213859,0.483393425467694,0.323694230903146,-1.05748653411865,-1.04532253742218,-1.34202444553375
"277",23,46,70,4184,3652,245,0.489326292534341,0.575829343344959,0.826248566700156,-0.252579808235168,-0.461484998464584,-0.372382044792175
"278",19,43,63,4387,3792,279,0.420028878779981,0.518426183909178,0.599637152210832,1.37162590026855,1.31920111179352,1.63396942615509
"279",7,45,52,4536,3831,299,0.335309644378799,0.537022514054497,0.206185289735554,-1.29719388484955,-1.19216322898865,-1.08758533000946
"280",13,23,37,3611,3523,24,0.299652739297863,0.298443425357526,4.61473933692302,-1.48258137702942,-1.48791682720184,-1.41811406612396
"281",14,46,60,3588,3456,67,0.489035715539967,0.608443136088093,1.82170047112534,-3.54900312423706,-3.26764106750488,-3.34739542007446
"282",5,32,38,3777,3480,80,0.294236189032214,0.4203495572675,0.54603820652007,2.26690101623535,1.96333467960358,2.6905620098114
"283",20,23,43,3714,3472,69,0.338594833544017,0.302821471153096,2.52794996359822,0.488348990678787,0.629169762134552,-0.12235801666975
"284",16,40,57,4132,3878,75,0.403462253649386,0.471574811250229,1.86245444987179,-1.42452096939087,-1.19937908649445,-1.10891425609589
"285",5,33,38,4260,4048,62,0.260898511578908,0.37272914389466,0.702338631933923,-0.792949140071869,-1.31417965888977,0.255002409219742
"286",12,28,40,4096,3870,94,0.2856180888207,0.330783943884329,1.11712908827363,1.71245670318604,1.51863598823547,2.16584777832031
"287",6,34,40,4154,4010,144,0.281632969555323,0.387658947054466,0.365800949184366,-0.783763587474823,-0.626306533813477,-1.52533543109894
"288",12,42,55,4413,4116,297,0.364532877658365,0.466554028894809,0.355833644078196,-2.62557196617126,-2.42110848426819,-1.9849978685379
"289",1,28,29,5549,4240,567,0.152879814479693,0.30194949225851,0.0155543843576489,-1.50727128982544,-1.52354550361633,-0.578007698059082
"290",5,25,31,5578,4345,525,0.162574058706179,0.263089596391481,0.0839832250724052,-1.72554862499237,-1.59226655960083,-1.61902952194214
"291",18,27,45,5689,4194,670,0.2313923986873,0.294355618769313,0.236994053147872,-0.256822347640991,-0.26043039560318,-0.619859755039215
"292",5,29,34,5653,4354,591,0.175942604894458,0.304553759354539,0.074618384428444,1.09973859786987,1.42958509922028,-0.153168112039566
"293",4,23,27,5266,4239,584,0.149981426394026,0.248088388383662,0.0604091457006308,0.143811628222466,0.151111140847206,0.10919551551342
"294",11,24,35,5544,4577,592,0.184676438352265,0.239776680196671,0.163883560824989,-0.0875720381736755,0.102620042860508,-1.11309230327606
"295",5,27,32,5514,4522,780,0.169765187420634,0.273026337006178,0.0565582280374706,0.722336173057556,0.572168827056885,1.1865394115448
"296",3,29,36,5625,4628,749,0.187219008655797,0.286540518688685,0.035337799149117,-0.119294248521328,-0.172252133488655,0.301921814680099
"297",4,16,20,5994,4854,894,0.0976106328794521,0.150737596271512,0.0394825790636699,-1.2185240983963,-0.930274605751038,-1.6019823551178
"298",20,42,62,6972,5755,787,0.260164428346124,0.333786985126062,0.224222931268289,0.846207499504089,0.417002618312836,1.84133386611938
"299",15,54,69,7020,5805,934,0.287558910752898,0.425461184671084,0.141724777270532,1.51547718048096,1.60417211055756,1.17283725738525
"300",18,34,53,7197,5905,889,0.215448596583966,0.263349937185356,0.178669891765611,1.70004463195801,1.86862075328827,1.36041247844696
"301",13,40,54,7079,6142,704,0.223171230113104,0.297877269008155,0.162906365970156,-2.49938869476318,-2.35342144966125,-1.5162490606308
"302",9,15,24,7090,6320,559,0.0990333898104784,0.108560159822276,0.141989725450574,-0.88747775554657,-0.628128528594971,-1.33899581432343
"303",10,45,55,6957,6312,390,0.231288424826407,0.32609295662117,0.225977294642649,-2.03440618515015,-1.96306943893433,-1.46752285957336
"304",30,32,62,7038,6474,225,0.257725707889004,0.22608984353249,1.17313784701775,-0.0179258156567812,0.092788927257061,-0.269175142049789
"305",12,24,36,7154,6725,98,0.147221692563318,0.163242852733434,1.07193929370663,-0.172052934765816,-0.0493326298892498,-0.339387148618698
"306",0,30,30,7402,6817,189,0.118575882607194,0.201301573642898,0,-0.903173863887787,-0.812550723552704,-0.27803698182106
"307",3,29,32,4878,4709,125,0.191886121251638,0.281616491677596,0.21050627146562,-0.568307459354401,-0.681684255599976,0.0960361659526825
"308",2,33,36,4753,4617,77,0.221545646082565,0.326839425199215,0.226828456992359,-0.283492296934128,-0.109092473983765,-0.024206567555666
"309",0,21,21,4782,4525,101,0.128451706052768,0.212213172880837,0,0.610000014305115,0.875651061534882,0.478120446205139
"310",3,20,23,5113,4774,162,0.131582882099151,0.191576440404553,0.162688406254958,0.851838648319244,0.78144508600235,1.2013213634491
"311",2,28,30,5086,4696,163,0.172540451931901,0.272657565061589,0.107797131617506,-0.207414999604225,-0.401575922966003,0.246684849262238
"312",1,9,10,5252,4849,176,0.055696667365219,0.0848772457416642,0.0499373025028841,-0.185057923197746,-0.559785902500153,0.980249345302582
"313",2,13,15,5155,4720,182,0.0851161487949454,0.125947952856152,0.0965979383807541,-0.636693716049194,-0.504191517829895,-0.832860469818115
"314",1,8,9,5471,5001,185,0.0481215275011868,0.073155424406693,0.0475194645134831,0.252287745475769,0.171329215168953,0.410413414239883
"315",0,5,5,5362,4788,217,0.0272773442155817,0.0477542025947043,0,1.74652004241943,1.57559525966644,2.34026503562927
"316",13,45,58,7735,6605,461,0.21938112415698,0.311637382270703,0.24861253089522,0.0859609395265579,0.331288993358612,0.115948759019375
"317",2,40,42,7983,6644,549,0.15392878677064,0.275386083003051,0.0321270899285698,0.304584711790085,0.515195906162262,-0.0920480340719223
"318",12,37,49,8267,6875,541,0.173416451635524,0.246178822032695,0.195608355811116,2.90052700042725,2.97457146644592,2.62829065322876
"319",4,23,27,8102,6677,478,0.097501331909949,0.15756492926009,0.0737806066466817,-0.237317755818367,-0.120775461196899,-0.0589904561638832
"320",6,28,34,8381,6789,752,0.118693604932052,0.188655829704221,0.0703939785667617,-1.66384196281433,-1.39391756057739,-1.98781263828278
"321",9,25,35,8463,6638,797,0.121001127300275,0.172271768311458,0.0996357191208462,0.203473895788193,-0.16406013071537,0.339449256658554
"322",8,44,52,8561,6853,770,0.177715897125736,0.293692384093101,0.0916670541370559,2.28747224807739,2.2416775226593,2.59252262115479
"323",5,12,17,9000,7088,830,0.055266388233569,0.0774440199799069,0.0531547279595811,-0.433559060096741,0.0174851082265377,-0.334033817052841
"324",9,21,30,9076,7272,967,0.0967125025580655,0.13210001517835,0.0821356009569304,-1.06505858898163,-1.14364683628082,-0.874345064163208
"325",0,3,3,4312,4051,153,0.0203490295438822,0.0338594025386368,0,-2.91783475875854,-2.785395860672,-2.59226393699646
"326",0,4,4,4169,3958,182,0.0280620369208649,0.046205424372333,0,2.2624237537384,1.95779204368591,2.80622577667236
"327",0,1,1,4246,3926,279,0.00688837260637582,0.0116453991217363,0,-0.207100570201874,-0.384610801935196,-0.0397279374301434
"328",2,0,2,4087,3886,165,0.0143123299764183,0,0.106497457367857,-0.32163068652153,-0.298806756734848,0.00362626137211919
"329",0,2,2,4233,4118,98,0.013819025850594,0.022206080378416,0,-1.79255390167236,-1.60451817512512,-0.992933869361877
"330",0,1,1,4072,3872,146,0.00718250717288834,0.0118076173626255,0,2.25303316116333,1.99408805370331,2.77285289764404
"331",0,0,0,4310,4120,92,0,0,0,-0.120337195694447,-0.0702070370316505,-0.816703379154205
"332",0,0,0,4454,4276,87,0,0,0,-2.70435833930969,-2.49923753738403,-2.32088899612427
"333",0,0,0,4463,4198,95,0,0,0,-1.27989780902863,-1.3375700712204,-0.480790495872498
"334",0,0,0,5067,4366,409,0,0,0,-1.81819999217987,-1.61018478870392,-1.94731295108795
"335",0,0,0,5175,4558,182,0,0,0,-0.996667206287384,-0.903493463993073,-1.47581684589386
"336",0,4,4,5273,4412,453,0.0221899902032311,0.0414557593777267,0,1.86249184608459,2.13357210159302,0.182781279087067
"337",0,1,1,5349,4473,430,0.00546872034997688,0.0102227473454187,0,-0.12700879573822,-0.125751629471779,-0.091901920735836
"338",0,0,0,5606,4801,389,0,0,0,0.192842304706573,0.236095190048218,-0.232647001743317
"339",0,0,0,5723,5173,375,0,0,0,0.761594831943512,0.62222546339035,1.08792006969452
"340",0,4,4,6322,5710,381,0.0185097421325567,0.0320395641433121,0,-0.73907881975174,-0.546028137207031,-0.989942014217377
"341",0,0,0,6625,6252,106,0,0,0,-0.549768507480621,-0.419886946678162,-1.55406939983368
"342",0,2,2,6506,6171,107,0.00899324632789668,0.0148239231002041,0,0.449694901704788,0.282972693443298,1.13841903209686
"343",0,0,0,10558,9134,633,0,0,0,-0.00487894052639604,0.131766319274902,-0.311201155185699
"344",0,15,15,11261,9929,648,0.0389760048746063,0.0691188181577683,0,-0.9780313372612,-0.943581879138947,-0.681763112545013
"345",0,3,3,11024,9964,541,0.00796274200075399,0.0137752279466855,0,-2.64450836181641,-2.49513959884644,-1.64729237556458
"346",0,3,3,11632,9868,1054,0.00754663735207615,0.0139091769491395,0,-2.00862073898315,-1.87699723243713,-1.06689667701721
"347",0,0,0,12169,10170,974,0,0,0,-1.48341166973114,-1.25741648674011,-1.23004472255707
"348",2,8,10,12229,10224,1331,0.0239277029204674,0.0358002018825205,0.0132640377510821,-1.09102189540863,-0.971678018569946,-0.36683589220047
"349",1,2,3,11838,9770,1291,0.00741534633759082,0.0093657536548261,0.00683736308385828,-0.879600405693054,-0.807835400104523,-0.276323020458221
"350",1,4,5,11874,9594,1414,0.0123214496279305,0.0190749691768224,0.00624297084328082,-0.771929204463959,-0.712309420108795,-0.225942820310593
"351",3,1,4,11309,10007,627,0.0103494980387643,0.00457202098789142,0.0422040614697323,-0.807149171829224,-0.611140966415405,-0.864062905311584
"352",1,0,1,2797,2797,0,0.0104531986005811,0,10,-0.283492296934128,-0.109092473983765,-0.024206567555666
"353",0,0,0,2984,2965,19,0,0,0,0.0854735299944878,0.520539999008179,-0.018317298963666
"354",0,0,0,2874,2798,20,0,0,0,0.933997869491577,0.664327502250671,1.2934775352478
"355",0,0,0,2978,2909,10,0,0,0,-0.104591973125935,-0.414500534534454,0.337342321872711
"356",0,1,1,2952,2900,10,0.00990487849579504,0.0157589682254584,0,0.513742625713348,0.313983082771301,1.35058128833771
"357",1,1,2,2873,2834,0,0.0203539192393692,0.0161253813217978,10,-0.612048447132111,-0.298641473054886,-1.10676896572113
"358",0,1,1,2719,2632,0,0.010752747245725,0.0173608190271551,0,1.13002789020538,1.0595942735672,1.44971704483032
"359",0,0,0,2775,2705,0,0,0,0,1.42656719684601,1.19243597984314,2.21966743469238
"360",0,1,1,2822,2718,0,0.0103606900218645,0.0168124303997431,0,0.617887496948242,0.951886236667633,0.640694797039032
"361",0,0,0,2868,2722,133,0,0,0,0.825713574886322,0.961186826229095,0.211511000990868
"362",0,2,2,2713,2586,114,0.0215530042277362,0.035338178368227,0,2.52536606788635,2.52081799507141,2.4789731502533
"363",0,0,0,2881,2708,132,0,0,0,0.0845490545034409,-0.166894346475601,0.420238882303238
"364",0,0,0,2839,2653,131,0,0,0,-1.57977914810181,-1.6963357925415,-1.71745002269745
"365",0,0,0,2936,2640,100,0,0,0,0.654833972454071,0.259009152650833,0.776213049888611
"366",0,1,1,3097,2755,132,0.00944157485487158,0.016587011846837,0,1.98932600021362,1.90357387065887,2.54857087135315
"367",0,1,1,3329,3090,0,0.00878416384759297,0.0147914034633385,0,-0.599490404129028,-0.329959392547607,-0.195946097373962
"368",0,0,0,3341,3088,6,0,0,0,-0.51294070482254,-0.67584502696991,-0.251895546913147
"369",0,0,0,3372,3167,7,0,0,0,-2.02704048156738,-2.61001968383789,-0.907574653625488
"370",0,0,0,1660,1602,6,0,0,0,1.03309381008148,1.00230729579926,1.19020295143127
"371",0,0,0,1770,1652,13,0,0,0,-0.0742166340351105,-0.394694536924362,0.312103778123856
"372",0,2,2,1916,1764,11,0.0305047496504545,0.0517626696167057,0,-3.40084505081177,-3.07112145423889,-3.09695386886597
"373",0,0,0,2001,1868,14,0,0,0,-2.10524296760559,-1.89802730083466,-1.32864987850189
"374",0,0,0,2388,2116,10,0,0,0,2.4423840045929,2.33473777770996,2.73054909706116
"375",2,0,2,2286,2238,10,0.0255737237756067,0,1.62323360180708,0.011840857565403,-0.139246091246605,0.464064121246338
"376",0,0,0,2335,2307,5,0,0,0,-2.20768451690674,-1.97372806072235,-2.39484286308289
"377",0,0,0,2295,2284,0,0,0,0,-0.607629477977753,-0.701329290866852,-0.522224485874176
"378",1,0,1,2271,2256,0,0.012871210656948,0,10,-2.75057196617126,-2.47994804382324,-2.61318421363831
"379",0,2,2,6150,5631,395,0.00951358336210082,0.0162443487332616,0,-0.900737643241882,-0.863711893558502,-1.14579260349274
"380",0,3,3,6817,6359,346,0.0128747090182447,0.0215789669909646,0,0.892380177974701,0.859466552734375,0.8582484126091
"381",1,0,1,6947,6540,288,0.00421129486238286,0,0.0305766204050891,-1.46746218204498,-1.56750023365021,-0.835890412330627
"382",0,5,5,6991,6622,273,0.0209240043999912,0.034537544370324,0,0.48228046298027,0.604232490062714,-0.790477097034454
"383",1,1,2,7359,6716,582,0.00795123119976715,0.00681089428222102,0.0151541056700399,-0.102051593363285,0.0301135051995516,-0.579872727394104
"384",0,3,3,7462,6924,450,0.0117622818614896,0.0198192815898971,0,-0.654623627662659,-0.567781388759613,-0.737393736839294
"385",1,2,3,7846,7343,379,0.0111868253259777,0.0124593834525632,0.0232520752046117,-1.05419957637787,-0.915077686309814,-1.23972678184509
"386",0,2,2,8339,7595,610,0.00701712967325646,0.0120462335495816,0,0.983068108558655,1.16956794261932,-1.29256761074066
"387",1,2,3,8823,7942,694,0.00994848191259085,0.0115202155072911,0.012711595083488,1.55201268196106,1.71210849285126,-0.22914132475853
"388",0,0,0,0,0,0,0,0,0,-0.402976542711258,-0.411891996860504,-0.206109419465065
"389",12,0,12,0,0,0,120,0,120,-0.862493574619293,-0.783770442008972,-0.240094050765038
"390",0,2,2,0,0,0,20,20,0,-1.28046929836273,-1.06667494773865,-1.18553817272186
"391",0,1,1,0,0,0,10,10,0,-1.1249383687973,-1.73515248298645,0.150207445025444
"392",0,1,1,0,0,0,10,10,0,-0.215089157223701,-0.0319171547889709,-0.294238120317459
"393",0,0,0,0,0,0,0,0,0,-0.948799848556519,-0.891475558280945,-0.315617948770523
"394",0,0,0,0,0,0,0,0,0,0.298415720462799,-0.642334520816803,1.43640470504761
"395",0,0,0,0,0,0,0,0,0,-0.942951917648315,-1.03278923034668,-0.297816336154938
"396",0,3,3,0,0,0,30,30,0,2.45107650756836,3.28743648529053,-0.024206567555666
